LAI_JUN, LAI_JUL, LAI_AUG, LAI_SEP, LAI_OCT, LAI_NOV
0.476485, 0.566221, 1.180546, 1.550128, 1.481505, 0.958738
0.271169, 0.553859, 1.567092, 1.679581, 0.616235, 0.45752
1.010184, 0.666346, 1.249341, 2.35814, 2.12062, 1.790861
0.250737, 0.489577, 0.774511, 1.387226, 0.843248, 0.603301
0.61597, 0.651014, 0.991651, 2.036469, 1.361632, 1.225113
0.210624, 0.343647, 0.761659, 0.765648, 0.545582, 0.645312
0.281696, 0.586427, 1.452432, 1.849216, 0.664742, 0.544411
0.411961, 0.610474, 0.855206, 1.805687, 1.188514, 0.986245
0.328356, 0.677589, 1.285843, 1.506345, 0.911058, 0.628614
0.647548, 0.730377, 1.1932, 1.880586, 1.389115, 1.168776
0.402926, 0.610705, 1.191287, 1.609111, 1.165535, 0.804404
0.248254, 0.423507, 1.036642, 1.08157, 0.601645, 0.413557
0.337395, 0.576991, 1.224999, 1.595709, 0.868675, 0.706157
0.209012, 0.52456, 1.0114, 1.424556, 0.684732, 0.543205
0.773475, 0.779654, 1.295026, 2.060111, 1.913826, 1.532519
0.274827, 0.622796, 1.592356, 1.971999, 0.749312, 0.50746
0.278783, 0.597276, 1.077133, 1.331359, 0.835243, 0.643311
0.378501, 0.459379, 1.274216, 2.181229, 0.939345, 0.793295
0.549008, 0.460512, 0.986322, 1.990252, 1.386399, 1.116922
0.287989, 0.658948, 1.208888, 1.367404, 0.573508, 0.582234
0.444652, 0.508425, 1.036088, 1.638332, 1.355308, 0.981147
0.305115, 0.600113, 1.064522, 1.396219, 0.855268, 0.666948
0.43382, 0.583341, 1.238684, 1.480013, 1.365577, 0.923788
0.706067, 0.737055, 1.37888, 2.04092, 1.770659, 1.381788
0.195319, 0.372464, 1.1216, 1.299567, 0.474759, 0.420116
0.232792, 0.570446, 1.163187, 1.087885, 0.643409, 0.594152
0.521351, 0.529491, 1.176051, 1.705564, 1.267831, 1.027346
0.263577, 0.528436, 1.237583, 1.400032, 0.654487, 0.602035
0.391203, 0.789236, 1.472025, 1.649032, 1.284195, 0.891134
0.502962, 0.716576, 1.291091, 1.718739, 1.106585, 0.881736
0.204459, 0.398543, 1.341163, 1.784411, 0.563114, 0.389192
0.203789, 0.298845, 1.112133, 1.427843, 0.600075, 0.453454
0.261635, 0.43886, 1.138937, 1.192347, 0.831724, 0.565573
0.384635, 0.650514, 1.547961, 1.741473, 0.932581, 0.660298
0.327055, 0.599512, 1.348731, 1.486147, 1.116157, 0.743467
0.328026, 0.557663, 1.207171, 1.755456, 0.770006, 0.640719
0.635493, 0.625379, 1.183572, 1.927205, 1.373519, 1.139268
0.592181, 0.706119, 1.312649, 1.623103, 1.531718, 1.107211
0.215381, 0.434998, 1.608163, 1.492644, 0.516638, 0.403037
0.398098, 0.876542, 1.274034, 1.886085, 1.081132, 0.798529
0.332612, 0.686596, 1.367371, 1.796099, 0.930051, 0.675449
0.50495, 0.609883, 1.241057, 1.443641, 1.287661, 0.943213
0.281602, 0.559866, 1.27723, 1.327984, 0.689558, 0.439144
0.199808, 0.342366, 1.570668, 1.392497, 0.457368, 0.389914
0.729682, 0.967503, 1.536887, 1.782327, 1.749572, 1.387694
0.263812, 0.686827, 1.857113, 1.576266, 0.604815, 0.525352
0.567954, 0.985886, 0.753611, 1.785671, 1.553781, 0.914153
0.265376, 0.5219, 1.293023, 1.246159, 0.660577, 0.497943
0.837754, 1.239571, 0.677925, 2.437563, 2.514894, 1.628823
0.209792, 0.262409, 0.640551, 1.442936, 0.928021, 0.577877
0.613691, 0.699881, 1.099906, 1.83125, 1.651485, 1.016454
0.314225, 0.457974, 0.657739, 0.756859, 0.475572, 0.605716
0.277525, 0.593572, 0.961637, 1.245122, 0.713469, 0.48669
0.39911, 0.424763, 0.98654, 1.585959, 1.33523, 0.835654
0.401768, 0.912055, 1.257383, 1.450394, 0.927795, 0.632292
0.551047, 0.986347, 1.058899, 1.872525, 1.582201, 1.025474
0.421784, 0.976231, 1.322807, 1.74597, 1.125226, 0.729007
0.343253, 0.65902, 0.836424, 0.88165, 0.544306, 0.463611
0.354702, 0.736557, 0.903123, 1.247251, 0.990941, 0.707964
0.202731, 0.292562, 0.755784, 1.461094, 0.782433, 0.564148
0.676063, 1.012957, 0.848593, 1.89374, 2.022374, 1.267282
0.284128, 0.64123, 1.230536, 1.467563, 0.80288, 0.520107
0.508412, 0.869631, 1.158937, 1.466712, 0.889872, 0.611744
0.446056, 0.962795, 1.076835, 1.311158, 1.17172, 0.772071
0.470334, 0.713012, 1.248532, 1.548284, 1.534592, 1.01446
0.271201, 0.554941, 0.849539, 1.197708, 0.69013, 0.550054
0.442016, 0.650143, 0.927725, 1.59593, 1.270767, 0.813734
0.281675, 0.28113, 0.808506, 1.647788, 0.928033, 0.624991
0.475397, 0.746172, 1.059729, 1.627249, 1.375728, 0.826387
0.57314, 1.062799, 0.943663, 2.148324, 2.01185, 1.242969
0.2126, 0.766767, 1.006345, 1.111407, 0.52712, 0.504152
0.354284, 0.900907, 0.960617, 1.026208, 0.580859, 0.589397
0.457494, 0.779831, 1.125323, 1.485136, 1.310331, 0.89947
0.325659, 1.022268, 1.17173, 1.223774, 0.714001, 0.576072
0.55009, 1.079867, 1.317962, 1.65716, 1.289638, 0.836337
0.360818, 0.764655, 1.041221, 1.467207, 1.253405, 0.804482
0.202162, 0.480884, 0.878058, 1.107867, 0.607538, 0.423987
0.209713, 0.552303, 0.838964, 1.238972, 0.645449, 0.535491
0.312796, 0.69297, 1.008724, 1.231093, 0.957215, 0.629039
0.343378, 0.65645, 1.324478, 1.513204, 0.982257, 0.651591
0.459387, 0.85849, 1.183786, 1.446802, 1.131966, 0.727524
0.304722, 0.641128, 0.974053, 1.254261, 0.894651, 0.629112
0.548943, 0.985132, 1.019509, 1.827956, 1.529696, 0.977432
0.614534, 0.887198, 0.99999, 1.641356, 1.550911, 1.005013
0.207085, 0.628707, 1.062694, 0.955455, 0.552163, 0.45155
0.566043, 1.248005, 1.501185, 1.741247, 1.160443, 0.795267
0.434504, 0.973545, 1.540696, 1.791429, 0.975126, 0.659331
0.507218, 0.836423, 1.12411, 1.46584, 1.364247, 0.966754
0.326162, 0.779677, 1.163499, 1.234699, 0.668888, 0.451449
0.206953, 0.629225, 1.045283, 0.975813, 0.479277, 0.494021
0.719923, 1.054517, 1.167697, 1.739064, 1.782245, 1.218232
0.231408, 0.421356, 1.037012, 1.138066, 0.632103, 0.486394
0.538303, 0.3317, 0.879537, 1.768325, 1.414536, 0.932948
0.284983, 0.393188, 1.175748, 1.617551, 0.618272, 0.43282
0.984033, 0.377857, 0.729031, 2.266011, 2.282625, 1.691753
0.266124, 0.266825, 0.865588, 1.38365, 0.966837, 0.57508
0.649607, 0.404959, 0.716001, 1.705036, 1.472324, 1.000634
0.217071, 0.27456, 0.743635, 0.775564, 0.51636, 0.657495
0.272263, 0.210261, 0.721347, 1.309732, 0.633328, 0.459707
0.431697, 0.361806, 0.545546, 1.494577, 1.299916, 0.843025
0.33614, 0.441139, 0.958417, 1.480113, 0.849249, 0.602575
0.64777, 0.388658, 0.809229, 1.759088, 1.461323, 1.02741
0.39514, 0.358239, 0.977611, 1.756691, 0.983142, 0.698059
0.24232, 0.351447, 0.612534, 0.981153, 0.567329, 0.451071
0.334114, 0.24645, 0.614736, 1.424622, 0.934336, 0.72742
0.25055, 0.276384, 0.898924, 1.478044, 0.820559, 0.574731
0.827549, 0.263527, 0.864904, 2.0867, 1.819523, 1.338965
0.305928, 0.255528, 1.139427, 1.936941, 0.752249, 0.479649
0.28212, 0.505139, 0.844312, 1.597797, 1.001308, 0.637064
0.462928, 0.370363, 0.753079, 1.601128, 0.939673, 0.69399
0.608773, 0.385134, 0.715951, 1.569173, 1.309616, 0.931045
0.286109, 0.311694, 0.629802, 1.497924, 0.712835, 0.578679
0.476033, 0.334214, 0.829698, 1.683125, 1.16192, 0.776869
0.319798, 0.25233, 1.017019, 1.490699, 1.005866, 0.640489
0.498568, 0.393214, 0.90198, 1.667948, 1.287799, 0.819247
0.809531, 0.416441, 0.816548, 2.04457, 1.596949, 1.178793
0.235512, 0.26028, 1.104866, 1.256474, 0.525182, 0.583761
0.240902, 0.405458, 0.948899, 1.14855, 0.642034, 0.645359
0.545749, 0.261908, 0.733358, 1.579282, 1.136041, 0.846248
0.361829, 0.393115, 1.320708, 1.434688, 0.750311, 0.599038
0.428488, 0.568564, 1.23339, 1.83114, 1.145164, 0.785254
0.396557, 0.280601, 0.659744, 1.455842, 1.070801, 0.755926
0.233702, 0.201255, 0.881745, 1.429701, 0.546549, 0.434975
0.243722, 0.202301, 0.922911, 1.223273, 0.632272, 0.557236
0.248912, 0.366449, 1.027949, 1.288512, 0.940692, 0.581738
0.334443, 0.311232, 0.940817, 1.694757, 0.818671, 0.604045
0.330182, 0.440546, 1.158188, 1.580072, 1.052646, 0.700878
0.328304, 0.239246, 0.732437, 1.378924, 0.770858, 0.621884
0.564749, 0.341441, 0.841042, 1.805321, 1.436881, 0.987283
0.598081, 0.340562, 1.017495, 1.667311, 1.448923, 1.027238
0.237128, 0.163988, 0.849005, 1.275858, 0.527346, 0.464612
0.460706, 0.605683, 1.055913, 2.078144, 1.250235, 0.835337
0.379412, 0.544146, 0.99858, 1.880743, 1.008383, 0.635549
0.514058, 0.459927, 1.086785, 1.501299, 1.34353, 0.968553
0.271054, 0.392579, 0.961156, 1.308233, 0.632952, 0.430229
0.236131, 0.227537, 1.032105, 1.16555, 0.476793, 0.524944
0.740157, 0.406337, 1.142283, 1.930297, 1.680685, 1.247877
0.240147, 0.219626, 0.889227, 1.334888, 0.564321, 0.432888
0.667307, 0.64468, 1.093886, 1.847857, 1.470518, 1.178952
0.309271, 0.804414, 1.098632, 1.047259, 0.70007, 0.516831
0.670563, 0.557561, 0.812621, 2.563713, 2.177961, 1.884088
0.214595, 0.189658, 0.813784, 1.340485, 1.119272, 0.709376
0.338122, 0.209906, 0.702822, 1.848504, 1.818261, 1.165832
0.281015, 0.585264, 0.795522, 0.803744, 0.72249, 0.564576
0.25902, 0.610109, 0.638649, 1.109863, 0.752563, 0.562643
0.293783, 0.163789, 0.726966, 1.865926, 1.573716, 1.062308
0.372582, 0.927092, 1.095547, 1.299398, 0.974589, 0.666595
0.4087, 0.299845, 0.704439, 1.791854, 1.715838, 1.212301
0.358774, 0.891396, 1.072732, 1.576895, 1.178887, 0.79238
0.324575, 0.636022, 0.901922, 1.097361, 0.857038, 0.562663
0.230597, 0.228017, 0.659424, 1.238578, 1.055869, 0.813038
0.216444, 0.206421, 0.844238, 1.509297, 1.008145, 0.656658
0.569361, 0.668414, 0.874846, 2.038594, 2.091669, 1.675771
0.386741, 0.649623, 0.990284, 1.306368, 0.825708, 0.53092
0.449669, 0.859728, 1.267255, 1.636851, 1.251634, 0.725895
0.217313, 0.134593, 0.656431, 1.42651, 1.162645, 0.785145
0.387776, 0.244166, 0.480063, 1.38251, 1.365787, 0.997008
0.222581, 0.303469, 0.696731, 1.293379, 0.839167, 0.612129
0.359215, 0.595532, 0.661293, 1.536636, 1.435165, 0.965796
0.259746, 0.191701, 0.980656, 1.579669, 1.213648, 0.79994
0.396214, 0.764306, 0.711349, 1.725684, 1.397716, 0.988098
0.526983, 0.71505, 0.779047, 2.07152, 2.05622, 1.476141
0.228739, 0.541023, 0.815624, 1.013963, 0.585464, 0.640059
0.330034, 0.844525, 1.26147, 1.105325, 0.833206, 0.629566
0.441745, 0.477015, 0.518303, 1.452378, 1.238007, 0.907694
0.391804, 0.641958, 1.134604, 1.166815, 0.80064, 0.704697
0.443678, 0.944134, 1.178547, 1.79558, 1.331474, 0.952455
0.340141, 0.570676, 0.591923, 1.462327, 1.164304, 0.821789
0.224335, 0.5416, 0.909953, 1.055203, 0.638244, 0.571107
0.218691, 0.412132, 0.684027, 1.126937, 0.866939, 0.655042
0.340514, 0.734621, 1.093234, 1.339108, 1.068824, 0.775844
0.28718, 0.799499, 0.895219, 1.330782, 0.990342, 0.67082
0.378246, 0.796997, 1.095669, 1.515014, 1.226112, 0.87117
0.2666, 0.304601, 0.577854, 1.10992, 0.864064, 0.764427
0.417389, 0.486296, 0.805865, 1.854407, 1.514467, 1.166956
0.553929, 0.729736, 0.905793, 1.76661, 1.571103, 1.31609
0.250579, 0.570704, 0.889665, 0.940586, 0.61496, 0.607573
0.520833, 0.820653, 1.364669, 1.841049, 1.414659, 0.932373
0.485085, 0.935847, 1.515519, 1.608747, 1.122668, 0.712433
0.565125, 0.839409, 1.014804, 1.516461, 1.4022, 1.195802
0.354529, 0.793582, 1.116416, 1.156709, 0.786751, 0.499227
0.207281, 0.517734, 0.69147, 0.976586, 0.609847, 0.56446
0.682703, 1.019633, 0.772352, 1.951733, 1.692017, 1.503024
0.215019, 0.586145, 0.761133, 1.051489, 0.635189, 0.512734
0.783979, 0.676055, 1.042736, 1.581503, 1.589236, 1.093924
0.318445, 0.320758, 1.214934, 1.908928, 0.73232, 0.42842
1.2835, 0.557257, 1.490148, 2.335608, 2.593211, 1.840084
0.288001, 0.236908, 0.828752, 1.458248, 1.009223, 0.646679
0.648355, 0.341326, 1.429821, 1.623395, 1.616329, 1.113241
0.255653, 0.252507, 0.797378, 0.999228, 0.565089, 0.432896
0.30729, 0.149535, 0.919792, 1.380349, 0.77445, 0.521416
0.410992, 0.271625, 1.191063, 1.621695, 1.436922, 0.926428
0.464618, 0.479149, 1.193866, 1.450704, 0.886771, 0.577775
0.69062, 0.362289, 1.548172, 1.637608, 1.617774, 1.117353
0.53652, 0.546183, 1.209345, 1.625791, 1.039003, 0.723835
0.292732, 0.32953, 0.986725, 1.383162, 0.752, 0.432619
0.368139, 0.17275, 1.330535, 1.884574, 1.066039, 0.691903
0.249429, 0.183108, 1.035451, 1.803638, 0.940878, 0.580269
1.065884, 0.870981, 1.189088, 2.091394, 2.162668, 1.63591
0.351162, 0.268198, 0.891943, 1.63189, 0.82411, 0.506759
0.360758, 0.392705, 0.986045, 1.665357, 1.049381, 0.600886
0.394303, 0.17276, 1.689422, 1.564703, 1.226493, 0.791999
0.665706, 0.354923, 1.276474, 1.871518, 1.646192, 1.076131
0.275277, 0.170346, 1.248076, 1.866263, 0.838991, 0.580543
0.603636, 0.467059, 1.14274, 1.629162, 1.493715, 0.934225
0.333529, 0.198621, 1.030954, 1.710134, 1.037656, 0.654956
0.618954, 0.572284, 1.160381, 1.683044, 1.425523, 0.91837
0.95252, 0.590676, 1.469723, 1.886442, 2.025297, 1.348576
0.24178, 0.183826, 0.97531, 1.786752, 0.58451, 0.43813
0.288796, 0.344525, 0.998864, 1.276596, 0.675443, 0.477447
0.677044, 0.433791, 1.220773, 1.63279, 1.501122, 1.096769
0.341194, 0.301806, 1.199549, 1.758056, 0.732104, 0.550182
0.614252, 0.5829, 1.389985, 1.631824, 1.283821, 0.895916
0.493844, 0.300153, 1.05234, 1.725231, 1.397153, 0.893563
0.242761, 0.157512, 1.000546, 1.511459, 0.691083, 0.408511
0.240551, 0.153361, 1.208316, 1.900781, 0.719425, 0.498482
0.395663, 0.518013, 1.078709, 1.254011, 1.025256, 0.721762
0.474775, 0.450303, 1.199782, 1.637233, 0.932303, 0.64602
0.487492, 0.539173, 1.216121, 1.46796, 1.199942, 0.870132
0.345701, 0.159945, 1.14082, 1.80344, 0.982644, 0.619442
0.757816, 0.549291, 1.660331, 1.6732, 1.6267, 1.033059
0.853159, 0.765202, 1.110037, 1.644543, 1.609043, 1.181501
0.246021, 0.14742, 1.212982, 1.833718, 0.6449, 0.420746
0.517342, 0.659863, 1.399084, 2.003602, 1.244127, 0.838022
0.435872, 0.492198, 1.258283, 1.868912, 1.016988, 0.615741
0.811682, 0.810651, 1.281662, 1.510827, 1.418442, 1.096675
0.365588, 0.392967, 1.169543, 1.373672, 0.640426, 0.421152
0.238888, 0.145089, 1.432425, 2.09343, 0.561357, 0.41998
0.997323, 0.846884, 1.278847, 1.912962, 1.93965, 1.445985
0.285287, 0.252696, 1.178481, 1.619415, 0.692111, 0.45333
0.747565, 0.89339, 1.276601, 1.697705, 1.210042, 0.904556
0.321773, 0.648439, 1.854628, 1.262304, 0.50146, 0.406964
0.98031, 1.02776, 1.652582, 3.026408, 2.570509, 1.826229
0.41521, 0.472015, 1.088254, 1.375552, 0.877089, 0.630442
0.88833, 0.805283, 1.191924, 2.090097, 1.436713, 1.057048
0.262225, 0.379667, 1.07006, 1.013807, 0.496899, 0.357088
0.346922, 0.639624, 1.031474, 1.273829, 0.559073, 0.46642
0.566825, 0.503495, 1.065459, 1.722952, 1.195689, 0.836519
0.487311, 0.727638, 1.629356, 1.313168, 0.669623, 0.514276
0.839727, 0.893765, 1.467676, 2.066141, 1.433625, 1.068173
0.54022, 0.723245, 1.543579, 1.686019, 0.887246, 0.706634
0.309445, 0.391722, 1.139588, 1.287302, 0.60773, 0.395132
0.559641, 0.66644, 1.166993, 1.497696, 0.841485, 0.738136
0.363292, 0.424787, 1.204126, 1.332504, 0.711538, 0.677666
0.935306, 1.142, 1.60154, 2.505499, 1.982246, 1.450419
0.407557, 0.727613, 1.527537, 1.536444, 0.627922, 0.465753
0.388389, 0.616719, 1.347326, 1.453843, 0.858797, 0.527533
0.567817, 0.578729, 1.008772, 1.449622, 0.817086, 0.784699
0.799903, 0.645501, 0.86685, 2.020839, 1.475617, 1.093089
0.451214, 0.608163, 1.197567, 1.227811, 0.575702, 0.726334
0.637109, 0.740264, 1.241068, 2.010127, 1.281514, 0.928662
0.448923, 0.395031, 1.179283, 1.447411, 0.873775, 0.656727
0.629665, 0.913235, 1.326084, 1.912857, 1.223173, 0.87966
0.888014, 1.125501, 1.476389, 2.656688, 1.810328, 1.324173
0.302898, 0.44218, 1.135881, 0.870784, 0.409302, 0.5583
0.31057, 0.688393, 1.395529, 1.020503, 0.495684, 0.408226
0.791589, 0.740379, 1.04607, 1.792737, 1.205882, 0.973408
0.448366, 0.58908, 1.15062, 1.079697, 0.568046, 0.580861
0.576952, 1.021611, 1.681827, 1.885252, 0.992282, 0.765394
0.554027, 0.75665, 0.923855, 1.801798, 1.104564, 0.79142
0.301668, 0.686828, 1.122172, 1.23077, 0.455113, 0.440036
0.32313, 0.38914, 1.150372, 1.12336, 0.534423, 0.604683
0.407026, 0.768987, 1.293824, 1.280511, 0.809431, 0.594175
0.47606, 0.681295, 1.547773, 1.604409, 0.735869, 0.614509
0.475872, 0.936391, 1.575117, 1.576546, 0.924068, 0.711407
0.440891, 0.651187, 1.082461, 1.395152, 0.723096, 0.634731
0.710039, 0.931765, 1.445944, 2.186198, 1.476126, 1.02323
0.775538, 0.984475, 1.409786, 1.852092, 1.328497, 1.07998
0.344747, 0.767853, 1.065527, 1.065108, 0.429762, 0.460232
0.558957, 0.867355, 1.689561, 1.788871, 0.919839, 0.688196
0.453967, 0.728649, 1.755781, 1.54543, 0.768596, 0.564517
0.705049, 0.961365, 1.416754, 1.661282, 1.23111, 1.032073
0.357865, 0.561546, 1.577812, 1.015574, 0.481794, 0.383137
0.308525, 0.630243, 1.222193, 0.956669, 0.38844, 0.608718
0.890344, 1.156052, 1.549535, 2.309899, 1.602389, 1.376638
0.30575, 0.710077, 1.389576, 1.414291, 0.492713, 0.452752
0.528082, 0.531001, 0.736566, 1.465537, 1.673247, 1.012582
0.280711, 0.520867, 1.197888, 1.560643, 0.680365, 0.455808
1.074927, 0.508774, 0.96581, 1.785587, 2.577383, 1.839591
0.219854, 0.169718, 0.970512, 1.550301, 1.268048, 0.675058
0.428916, 0.322705, 0.962063, 1.820132, 1.976627, 1.181271
0.250399, 0.357594, 0.745984, 0.943851, 0.531762, 0.560254
0.271205, 0.319505, 0.543379, 1.343533, 0.769335, 0.537262
0.272853, 0.239554, 0.956282, 1.62153, 1.895629, 1.070748
0.309999, 0.477494, 0.834521, 1.319384, 0.891996, 0.587584
0.49154, 0.390602, 0.976306, 1.906126, 1.86979, 1.165172
0.402773, 0.461404, 0.865193, 1.576079, 1.172358, 0.763771
0.329725, 0.621883, 1.095583, 1.106793, 0.568936, 0.394868
0.300618, 0.395961, 1.341666, 1.537676, 1.128748, 0.817291
0.198633, 0.240911, 1.019573, 1.596641, 1.011695, 0.641433
0.728188, 0.494302, 0.939262, 1.477367, 2.210166, 1.475718
0.301167, 0.455939, 0.828009, 1.66914, 0.81838, 0.487834
0.382338, 0.620632, 1.08004, 1.657354, 0.921233, 0.522315
0.305696, 0.315685, 1.135548, 1.349967, 1.337425, 0.793061
0.490697, 0.292981, 0.762526, 1.728993, 1.716094, 1.117712
0.212593, 0.315822, 1.219007, 1.368275, 0.794317, 0.66666
0.499549, 0.535688, 0.731411, 1.600331, 1.546933, 0.989267
0.276852, 0.283463, 0.976342, 1.76399, 1.3003, 0.767072
0.560811, 0.475185, 0.732299, 1.552437, 1.455288, 0.847974
0.737796, 0.453458, 0.830894, 1.680576, 2.086759, 1.385105
0.210461, 0.313543, 0.914812, 1.126811, 0.530639, 0.549574
0.269865, 0.512965, 1.282728, 1.257997, 0.587026, 0.516594
0.562432, 0.315232, 0.743956, 1.663397, 1.573368, 1.080827
0.323946, 0.482487, 0.949121, 1.27717, 0.709521, 0.623563
0.399728, 0.489628, 0.930165, 1.593389, 1.371543, 0.85578
0.392895, 0.395205, 0.827508, 1.81902, 1.467915, 0.913282
0.221903, 0.360046, 1.021264, 1.287115, 0.619817, 0.436183
0.200951, 0.279913, 0.975753, 1.360479, 0.790579, 0.602513
0.313087, 0.393681, 0.782848, 1.166839, 1.09378, 0.619302
0.321506, 0.403841, 0.818129, 1.552584, 0.997263, 0.685308
0.374782, 0.40295, 0.782937, 1.325894, 1.22839, 0.74377
0.269625, 0.334595, 0.842599, 1.423357, 0.93549, 0.700568
0.448678, 0.468939, 1.007069, 1.75321, 1.831495, 1.126517
0.630135, 0.53979, 0.733726, 1.416135, 1.651824, 1.120259
0.228479, 0.321899, 1.183691, 1.188572, 0.538614, 0.486555
0.483313, 0.756817, 1.202021, 2.058803, 1.184636, 0.793145
0.385004, 0.592021, 1.194013, 1.653099, 0.904833, 0.613984
0.53875, 0.526268, 0.880172, 1.433745, 1.437186, 1.019603
0.284514, 0.456007, 0.876951, 1.13786, 0.562664, 0.398285
0.191828, 0.291985, 1.457405, 1.154986, 0.522173, 0.609488
0.820536, 0.614113, 0.783353, 1.577237, 1.868008, 1.320405
0.241552, 0.422719, 0.693656, 1.374892, 0.657138, 0.502637
0.484588, 0.550124, 1.222534, 2.161487, 1.675292, 1.00722
0.38614, 0.600798, 1.512288, 1.328892, 0.587805, 0.535626
1.066622, 0.584148, 1.161203, 2.695393, 2.512338, 1.870803
0.342189, 0.555882, 0.949061, 1.67074, 1.249644, 0.741131
0.615664, 0.65181, 1.187125, 2.207543, 1.838367, 1.265289
0.250791, 0.340942, 0.774422, 0.763027, 0.455258, 0.578866
0.340317, 0.423253, 1.136135, 1.358839, 0.685013, 0.64505
0.596242, 0.647346, 0.98822, 1.961029, 1.561989, 1.099417
0.419127, 0.568681, 1.33203, 1.407965, 0.815095, 0.579443
0.536934, 0.619782, 1.308456, 2.33547, 1.890296, 1.231179
0.430242, 0.504248, 1.331667, 1.67078, 1.057952, 0.791727
0.314588, 0.452291, 1.419952, 1.181398, 0.601542, 0.419129
0.464849, 0.747678, 1.357448, 1.519503, 0.91218, 0.905097
0.30441, 0.451139, 1.105017, 1.501119, 0.86788, 0.715079
0.707949, 0.425647, 1.282294, 2.37318, 2.157741, 1.465698
0.356155, 0.42657, 1.529472, 1.540205, 0.689192, 0.548677
0.365963, 0.347299, 0.926154, 1.175821, 0.7231, 0.530435
0.487501, 0.540378, 1.441364, 1.765826, 0.98704, 0.85713
0.635338, 0.3869, 1.229873, 2.029936, 1.67738, 1.1057
0.428721, 0.667755, 1.10668, 1.311642, 0.646068, 0.830185
0.452666, 0.417851, 1.070406, 1.901144, 1.42566, 0.909265
0.391096, 0.484617, 1.123274, 1.804516, 1.114788, 0.735424
0.498698, 0.422854, 1.081343, 1.910074, 1.342126, 0.84406
0.713584, 0.445452, 1.181144, 2.185679, 1.945677, 1.318814
0.267658, 0.43017, 1.112099, 1.156892, 0.492312, 0.611715
0.286882, 0.403176, 1.221074, 1.063961, 0.49184, 0.448059
0.585991, 0.434736, 1.1633, 1.912726, 1.434983, 1.008184
0.417981, 0.585935, 1.180183, 1.325717, 0.671904, 0.661774
0.509149, 0.528349, 1.428714, 1.817885, 1.191952, 0.827052
0.461143, 0.302454, 1.110825, 1.922298, 1.355264, 0.893041
0.265287, 0.343739, 1.342783, 1.405311, 0.535715, 0.534306
0.277979, 0.451385, 1.19118, 1.457672, 0.616701, 0.690966
0.314763, 0.352882, 1.131329, 1.420432, 0.93139, 0.616939
0.44608, 0.514141, 1.199075, 1.605217, 0.858273, 0.717618
0.419331, 0.429844, 1.282455, 1.549509, 1.006432, 0.694253
0.364991, 0.482325, 1.384778, 1.469459, 0.885334, 0.804301
0.565537, 0.601392, 1.218288, 2.210289, 1.658646, 1.102632
0.597582, 0.527009, 1.183768, 2.068214, 1.608653, 1.054817
0.285266, 0.517282, 1.356268, 1.30122, 0.505085, 0.583361
0.570838, 0.67725, 1.356858, 1.683902, 0.826999, 0.58555
0.48059, 0.517355, 1.231088, 1.446636, 0.822362, 0.589223
0.614162, 0.519278, 1.241647, 1.829071, 1.365583, 0.97593
0.341897, 0.551889, 1.303096, 1.079134, 0.595945, 0.450861
0.262048, 0.467719, 1.331536, 1.285826, 0.428303, 0.745409
0.758815, 0.572796, 1.296315, 2.174994, 1.793346, 1.287234
0.296192, 0.591041, 1.19759, 1.265526, 0.500298, 0.542988
0.59145, 0.621421, 0.879361, 1.878474, 1.382434, 0.870781
0.243487, 0.326394, 0.777532, 1.155694, 0.598973, 0.464984
1.100885, 0.406775, 0.232497, 3.055222, 2.309689, 1.641395
0.318721, 0.271435, 0.582998, 1.659965, 0.927208, 0.589383
0.719471, 0.338759, 0.245086, 2.371264, 1.618075, 1.065928
0.235405, 0.20682, 0.414992, 0.864157, 0.571404, 0.588304
0.338707, 0.405333, 0.621385, 1.14448, 0.670737, 0.581388
0.464291, 0.277313, 0.346769, 2.002545, 1.388251, 0.930505
0.323515, 0.427996, 0.663234, 1.444981, 0.799882, 0.591312
0.682009, 0.396887, 0.333245, 2.399039, 1.597792, 1.030731
0.382929, 0.416906, 0.513019, 1.791601, 0.952272, 0.69755
0.26773, 0.326624, 0.603399, 1.239647, 0.75676, 0.465815
0.414954, 0.478051, 0.628142, 1.488986, 0.877479, 0.860085
0.231792, 0.300123, 0.66245, 1.549201, 0.815973, 0.742683
0.877708, 0.647366, 0.246103, 2.290577, 1.787794, 1.224058
0.258959, 0.311923, 0.721903, 1.269436, 0.735883, 0.535969
0.279161, 0.360276, 0.671254, 1.445135, 0.921148, 0.619739
0.52338, 0.354868, 0.629609, 1.729408, 1.009751, 0.875911
0.654308, 0.235564, 0.251294, 2.198108, 1.583104, 1.015486
0.297454, 0.503049, 0.713485, 1.253801, 0.664398, 0.900083
0.401092, 0.465093, 0.341299, 1.903118, 1.282943, 0.878297
0.31711, 0.288168, 0.669683, 1.838717, 1.107776, 0.738394
0.420233, 0.467263, 0.445723, 2.00835, 1.316121, 0.804564
0.711159, 0.554885, 0.289643, 2.469701, 1.752262, 1.17906
0.208961, 0.363935, 0.851708, 1.324635, 0.52367, 0.63507
0.241502, 0.331726, 0.948947, 1.289874, 0.64849, 0.52357
0.676769, 0.428324, 0.368801, 1.920058, 1.27159, 0.906888
0.29825, 0.455361, 0.938161, 1.47718, 0.77815, 0.65403
0.401993, 0.481904, 0.69536, 2.087699, 1.106452, 0.778037
0.533008, 0.430447, 0.285047, 1.838414, 1.240325, 0.811319
0.222483, 0.297892, 0.878727, 1.043138, 0.521939, 0.555133
0.210306, 0.318157, 0.834267, 1.311499, 0.675507, 0.739076
0.334939, 0.3724, 0.687323, 1.420719, 0.900084, 0.59614
0.384912, 0.410874, 0.561554, 1.441774, 0.79342, 0.641491
0.378838, 0.482043, 0.725375, 1.646032, 1.007034, 0.689544
0.369258, 0.364481, 0.458668, 1.498124, 0.80344, 0.79098
0.580247, 0.495729, 0.428324, 2.429076, 1.523791, 0.950664
0.686619, 0.634972, 0.609431, 1.853678, 1.359074, 0.966423
0.22778, 0.377964, 0.873987, 1.06579, 0.508248, 0.611739
0.425694, 0.436679, 0.842178, 1.854305, 1.351314, 0.86878
0.328371, 0.423821, 0.887958, 1.535322, 0.972328, 0.661353
0.637033, 0.459593, 0.858542, 1.768087, 1.288922, 0.969716
0.267708, 0.376542, 0.776537, 1.150908, 0.562728, 0.418784
0.201296, 0.437733, 0.916732, 0.999605, 0.434004, 0.880133
0.650639, 0.702871, 0.439051, 2.203021, 1.617167, 1.20078
0.270838, 0.328403, 0.590019, 1.148932, 0.553386, 0.477267
0.633929, 0.770105, 1.035364, 1.517546, 1.852431, 1.26463
0.288663, 0.577011, 1.177826, 1.383832, 0.915177, 0.525419
0.854966, 0.886973, 0.772445, 1.516247, 2.856861, 2.148917
0.244494, 0.449251, 0.863927, 1.156078, 1.477987, 1.052583
0.448536, 0.691166, 0.681361, 1.474145, 2.050068, 1.612671
0.28727, 0.364339, 0.893909, 0.810909, 0.772769, 0.598176
0.276634, 0.549957, 0.804765, 0.920343, 0.999269, 0.651664
0.343913, 0.605426, 0.735368, 1.191215, 2.075269, 1.600899
0.407544, 0.636708, 1.230679, 1.148696, 1.249677, 0.766287
0.481269, 0.690926, 0.786767, 1.440264, 2.047479, 1.514846
0.413319, 0.507601, 1.221213, 1.38802, 1.43092, 0.891443
0.318613, 0.409873, 1.143805, 1.42555, 1.138031, 0.537778
0.27694, 0.643574, 1.158389, 0.865649, 1.111173, 0.880379
0.246319, 0.567465, 0.898137, 0.986794, 1.237564, 0.874542
0.847709, 0.912351, 0.956459, 1.563389, 2.359086, 1.82945
0.324486, 0.567665, 1.210554, 1.358029, 1.065944, 0.607635
0.413906, 0.53928, 1.094002, 1.513311, 1.332406, 0.739728
0.347781, 0.559584, 0.964163, 1.218675, 1.316253, 0.956796
0.613552, 0.582291, 0.689567, 1.308989, 1.875051, 1.294074
0.247986, 0.752847, 1.127011, 0.64864, 0.903129, 0.705437
0.508951, 0.580829, 0.728793, 1.58114, 1.757608, 1.127444
0.335811, 0.543364, 0.947099, 1.325588, 1.544027, 1.026504
0.56873, 0.697933, 0.993361, 1.594307, 1.832256, 1.127623
0.670564, 0.910715, 0.834159, 1.699866, 2.466435, 1.655051
0.277109, 0.575907, 0.994296, 0.684861, 0.68453, 0.4639
0.337089, 0.591741, 1.352953, 1.154201, 0.859744, 0.594425
0.625073, 0.666455, 0.609316, 1.396229, 1.669448, 1.139359
0.40692, 0.709542, 1.046625, 1.040747, 0.954494, 0.700312
0.44921, 0.80083, 1.517032, 1.368088, 1.656153, 1.102781
0.392461, 0.589027, 0.508796, 1.344369, 1.805181, 1.116383
0.221602, 0.520783, 1.089022, 0.943545, 0.815322, 0.466689
0.298554, 0.615003, 1.119287, 0.825729, 0.861709, 0.640081
0.305107, 0.558609, 1.178139, 1.167895, 1.284518, 0.842442
0.368886, 0.507319, 0.770476, 1.144344, 1.212925, 0.769434
0.422748, 0.706299, 1.446331, 1.242312, 1.4892, 0.995964
0.280041, 0.521057, 0.902764, 0.913415, 1.174361, 0.783755
0.461736, 0.766458, 0.877182, 1.5887, 2.087677, 1.363317
0.681012, 0.808837, 1.059968, 1.421798, 1.952149, 1.403606
0.24375, 0.597398, 1.049809, 0.716817, 0.741742, 0.474835
0.685326, 0.931384, 1.355631, 1.730806, 1.654067, 1.018793
0.453564, 0.615692, 1.224351, 1.487848, 1.320326, 0.812422
0.581963, 0.72982, 1.140528, 1.516626, 1.713723, 1.268366
0.335503, 0.487304, 1.126526, 1.052128, 0.96935, 0.532912
0.231742, 0.702879, 1.065454, 0.541016, 0.579768, 0.512959
0.823617, 1.030752, 1.13405, 1.676751, 2.257606, 1.666768
0.239324, 0.492224, 1.008207, 1.043882, 0.829319, 0.500762